<?xml version="1.0" encoding="UTF-8"?>
<metadata xml:lang="pt"><Esri><CreaDate>20161019</CreaDate><CreaTime>15592400</CreaTime><ArcGISFormat>1.0</ArcGISFormat><SyncOnce>TRUE</SyncOnce><DataProperties><itemProps><itemLocation><linkage Sync="TRUE">file://\\spm-bm_4001\geo\BAIRROS E REGIOES\Bairros_2016\BAIRRO_TMPOACopy</linkage><protocol Sync="TRUE">Local Area Network</protocol></itemLocation></itemProps><copyHistory><copy source="\\spm-bm_4001\geo\BAIRROS E REGIOES\Bairros_2016\BAIRRO_TMPOA" dest="\\spm-bm_4001\geo\BAIRROS E REGIOES\Bairros_2016\BAIRRO_TMPOACopy" date="20161018" time="08104000"></copy></copyHistory><lineage><Process ToolSource="c:\program files (x86)\arcgis\desktop10.3\ArcToolbox\Toolboxes\Data Management Tools.tbx\CalculateField" Date="20161017" Time="083444">CalculateField BAIRRO_TMPOA NOME "PETROPOLIS" VB #</Process><Process ToolSource="c:\program files (x86)\arcgis\desktop10.1\ArcToolbox\Toolboxes\Data Management Tools.tbx\CalculateField" Date="20161018" Time="110144">CalculateField BAIRRO_TMPOA2 nome1 [NOME] VB #</Process><Process ToolSource="c:\program files (x86)\arcgis\desktop10.1\ArcToolbox\Toolboxes\Data Management Tools.tbx\CalculateField" Date="20161018" Time="110213">CalculateField BAIRRO_TMPOA2 NOME [nome1] VB #</Process></lineage></DataProperties></Esri></metadata>
